0,1,2,3,4,5,6,7,8,9,10,11,12,13,14,15,16,17,18
machine,learning,solving,fraud,detection,finance,,,,,,,,,,,,,
advantages,disadvantages,using,payoneer,freelancer,,,,,,,,,,,,,,
amazon,fraud,detectorafd,launched,afdlists,optimize,fraud,prevention,strategies,,,,,,,,,,
new,protections,food,benefits,stolen,skimmers,,,,,,,,,,,,,
amazon,fraud,detector,introduces,cold,start,model,training,customers,limited,historical,data,,,,,,,
digital,payments,benefits,,use,business,look,provider,,,,,,,,,,,
ebay,buys,ai,fraud,detection,company,pm,shield,,,,,,,,,,,
illegal,'money,mule,',whether,know,,,,,,,,,,,,,
transaction,monitoring,market,likely,rise,usd,billion,globally,size,,share,,trends,,demand,,growth,competitors,analysis
statistical,paradoxes,data,scientists,know,,,,,,,,,,,,,,
removing,phantoms,technology,'gentle',persuasion,,,,,,,,,,,,,,
radiant,logic,signs,definitive,agreement,acquire,brainwave,grc,,,,,,,,,,,
helix,partners,unit,offer,comprehensive,fraud,risk,management,solution,fintechs,,,,,,,,,
q,helix,partners,unit,offer,comprehensive,fraud,risk,management,solution,fintechs,,,,,,,,
cybercriminals,used,sophisticated,tech,fool,chase,customer,scam,stole,,,,,,,,,,
transaction,monitoring,market,likely,rise,usd,billion,globally,size,,share,,trends,,demand,,growth,competitors,analysis
fraud,detection,apache,kafka,,ksql,,apache,flink,,,,,,,,,,
war,cash,,,,,,,,,,,,,,,,,
sebi,orders,bourses,release,first,list,'big,brokers',fortnight,,,,,,,,,,
major,effort,place,remove,“phantoms”,technology,“gentle”,persuasion,ultimately,clean,voter,rolls,,,,,,,
you’ve,phished,happens,next,iain,swaine,,,,,,,,,,,,,
csg,systems,international,,inc,csgs,q,earnings,call,transcript,,,,,,,,,
new,mortalkombat,ransomware,laplas,clipper,malware,threats,deployed,financially,motivated,campaign,,,,,,,,
war,cash,,,,,,,,,,,,,,,,,
afterpay,reduces,fraud,risk,cloudera,,,,,,,,,,,,,,
manage,virtual,environments,automate,testing,tox,,,,,,,,,,,,,
top,ways,ai,revolutionizing,fintech,,,,,,,,,,,,,,
arkose,labs,launches,arkose,email,intelligence,,first,solution,combines,bot,mitigation,accurate,email,risk,detection,,,
banking,regulatory,body,wants,‘tripwire’,flag,app,fraud,,,,,,,,,,,
estonian,antimoney,laundering,platform,used,fight,app,fraud,,,,,,,,,,,
top,benefits,ai,banking,finance,,,,,,,,,,,,,,
ways,survive,scam,season,—,rather,,tax,season,,,,,,,,,,
nigeria’s,curacel,raises,funding,power,insurance,offerings,expand,north,africa,,,,,,,,,
radiant,logic,signs,definitive,agreement,acquire,brainwave,grc,,,,,,,,,,,
transformers,accelerate,evolution,intelligent,bank,–,exploring,recent,research,trends,,,,,,,,,
lufax,supplemental,updated,disclosures,form,k,,,,,,,,,,,,,
telus,international,cda,inc,tixt,q,earnings,call,transcript,,,,,,,,,,
show,hn,made,openai,integrated,data,analytics,tool,,,,,,,,,,,
ageold,email,scam,back,modern,scare,tactic,twist,,fall,,,,,,,,,
frauds,,,,,,,,,,,,,,,,,,
elon,musk,says,spacex,shares,would've,funded,plan,take,tesla,private,,,,,,,,
innovation,banks,businesses,fight,fraud,chargebacks,regulation,fail,,,,,,,,,,,
tesla,chair,testifies,would,quit,musk,lied,,,,,,,,,,,,
elon,musk,saudi,'asscovering',things,tesla,boss,said,defend,'funding,secured',trial,,,,,,,
machine,learning,solving,fraud,detection,finance,,,,,,,,,,,,,
adani,reportedly,abandons,plans,million,coal,plant,buyout,,conglomerate,still,reels,stockmarket,rout,sparked,hindenburg,,,
cruel,‘scam,mum,dad’,sparks,regulatory,crackdown,,,,,,,,,,,,
using,chatgpt,defraud,amazon,customers,,,,,,,,,,,,,,
reasons,capital,one,savorone,student,credit,card,perfect,card,spring,break,,,,,,,,
capital,one,platinum,secured,credit,card,review,,,,,,,,,,,,
fastevolving,prilex,pos,malware,block,contactless,payments,,,,,,,,,,,,
apple,shares,security,steps,take,‘right,away’,protect,apple,card,,,,,,,,,
capital,one,quicksilver,secured,card,review,,,,,,,,,,,,,
due,diligence,top,mind,wall,street,wake,blowups,frank,ftx,here's,means,state,,,,,,
we're,one,step,closer,era,open,banking,here's,everything,need,know,,,,,,,,
twisted,tale,celebrity,promotion,,opaque,transactions,allegations,racist,tropes,,,,,,,,,
adani,group,market,cap,losses,reach,billion,share,sale,cancellation,flagship,company,,,,,,,
advantages,disadvantages,using,payoneer,freelancer,,,,,,,,,,,,,,
us,bank,secured,visa,credit,card,review,,,,,,,,,,,,
best,mobile,payment,apps,small,businesses,,,,,,,,,,,,,
new,protections,food,benefits,stolen,skimmers,,,,,,,,,,,,,
digital,payments,benefits,,use,business,look,provider,,,,,,,,,,,
google,pay,vs,samsung,pay,vs,meta,pay,vs,amazon,pay,vs,apple,pay,,,,,
bin,attack,credit,card,understanding,type,credit,card,fraud,,,,,,,,,,
robinhood,cleared,buy,ftx,founder,sam,bankmanfried’s,stock,,sending,shares,higher,,,,,,,
real,world,courts,come,digital,crypto,hackers,podcast,,,,,,,,,,,
ach,payment,everything,else,need,know,,,,,,,,,,,,,
adani,enterprises,cancels,billion,share,sale,amid,fraud,accusations,,,,,,,,,,
george,santos’s,many,legal,problems,know,,,,,,,,,,,,,
devon,claire,beds,autocharged,text,message,scam,,,,,,,,,,,,
amazon,fraud,detectorafd,launched,afdlists,optimize,fraud,prevention,strategies,,,,,,,,,,
california,toys,digital,vehicle,titles,private,dmv,blockchain,,,,,,,,,,,
using,venmo,business,need,know,,,,,,,,,,,,,,
wtf,cookie,stuffing,,,,,,,,,,,,,,,,
justices,narrow,bankruptcy,relief,debts,incurred,fraud,,,,,,,,,,,,
wtf,cookie,stuffing,,,,,,,,,,,,,,,,
adani,group,rd,richest,man,pulling,largest,con,corporate,history,,,,,,,,,
world’s,rd,richest,man,pulling,largest,con,corporate,history,,,,,,,,,,
us,bank,cash,secured,credit,card,review,,,,,,,,,,,,
us,bank,altitude,go,secured,credit,card,review,,,,,,,,,,,
absurdity,income,tax,,,,,,,,,,,,,,,,
easy,stock,market,villain,,,,,,,,,,,,,,,
amazon,fraud,detector,introduces,cold,start,model,training,customers,limited,historical,data,,,,,,,
elon,musk,says,easy,get,investment,support,'extremely,good',track,record,,,,,,,,
philippines',pldt,said,weigh,data,center,stake,sale,spending,overrun,,sources,say,,,,,,
week,credit,card,news,new,kind,fraud,emerges;,inflation,causing,scaled,spring,break,,,,,,
mastercard,network,international,unveil,ai,fraud,prevention,tech,,,,,,,,,,,
vesta,taps,shimon,steinmetz,chief,financial,officer,,,,,,,,,,,,
strikingly,review,,,,,,,,,,,,,,,,,
law,require,legalese,,,,,,,,,,,,,,,,
captive,manager,arsenal,insurance,files,bankruptcy,protection,allegations,fraud,former,owner,,,,,,,,
struggling,billionaire,gautam,adani,scores,crucial,victory,,,,,,,,,,,,
victims,fake,crypto,investor,scam,speak,register,,,,,,,,,,,,
prilex,pos,malware,blocks,nfc,transactions,steal,credit,card,data,,,,,,,,,
prilex,modification,targeting,contactless,credit,card,transactions,,,,,,,,,,,,
norway,finds,way,recover,crypto,north,korea,pinched,axie,heist,,,,,,,,,
automated,watchlist,monitoring,continued,compliance,,,,,,,,,,,,,,
former,developer,ubiquiti,confessed,stealing,data,,trying,extort,networking,company,,,,,,,,
know,'standins',used,organized,crime,sell,homes,without,owner's,knowledge,,,,,,,,,
nonsalesy,annuity,guide,buying,annuities,,,,,,,,,,,,,,
digital,currency,vs,cryptocurrency,what's,difference,,,,,,,,,,,,,
streaming,intelligence,next,business,frontier,data,,,,,,,,,,,,,
remitly,global,rely,q,earnings,call,transcript,,,,,,,,,,,,
sportitude,cuts,fraud,costs,,,,,,,,,,,,,,,
payment,companies,reassure,wary,customer,base,,,,,,,,,,,,,
elon,musk,justifies,'funding,secured',tweet,bizarre,real,estate,analogy,,,,,,,,,
eta,announces,top,payments,isvs,award,winners,,,,,,,,,,,,
musk,tells,tweet,fraud,jury,trouble,raising,money,,,,,,,,,,,
history,says,sp,could,soar,perfect,stocks,buy,rebound,,,,,,,,,,
sandbar,raises,combat,financial,crime,institutionalgrade,transaction,monitoring,software,,,,,,,,,,
new,things,learned,sbf’s,alleged,crimes,,,,,,,,,,,,,
executives,brave,browser,,microsoft,ethlas,join,advisory,board,advance,web,security,,,,,,,
south,africa’s,christo,wiese,sued,way,back,billionaire,ranks,,,,,,,,,,
removing,phantoms,technology,'gentle',persuasion,,,,,,,,,,,,,,
make,credit,cards,less,vulnerable,fraud,,,,,,,,,,,,,
transaction,monitoring,market,likely,rise,usd,billion,globally,size,,share,,trends,,demand,,growth,competitors,analysis
jerusalem’s,freightos,go,public,million,spac,merger,,,,,,,,,,,,
illegal,'money,mule,',whether,know,,,,,,,,,,,,,
adani,scraps,b,share,sale,fraud,claims,hit,stock,,,,,,,,,,
eight,common,loan,scams,–,don’t,fall,,,,,,,,,,,,
onespan,notary,accelerates,digital,transformation,notarization,,,,,,,,,,,,,
broke,bank,account,aigenerated,voice,,,,,,,,,,,,,,
adani,stocks,add,gains,,regain,rs,cr,mcap,,,,,,,,,,
canada,,complex,fraud,schemes,targeting,homeowners,,,,,,,,,,,,
crypto,securities,new,interpretation,us,howey,test,gaining,ground,,,,,,,,,,
perk,labs,receives,notice,allowance,us,patent,application,antifraud,technology,,,,,,,,,
new,prilex,pos,malware,evolves,target,nfcenabled,credit,cards,,,,,,,,,,
td,first,horizon,extend,outside,date,proposed,transaction,may,,,,,,,,,,
‘be,careful,filling,gas,y’all’,customer,discovers,card,skimmer,shell,gas,station,pump,,,,,,
cybersecurity,roundup,february,,,,,,,,,,,,,,,,
cryptocurrency,transform,future,business,,,,,,,,,,,,,,,
consumer,optimism,remains,strong,despite,economic,headwinds,,per,holiday,spending,report,aci,worldwide,,,,,
best,banks,international,travelers,,,,,,,,,,,,,,,
banks,take,another,bite,apple,ews,wallet,,,,,,,,,,,,
adani,group,abandons,share,offer,escalating,crisis,triggered,fraud,claims,routs,wealth,,,,,,,
fednow,service,expect,first,version,,,,,,,,,,,,,,
quarter,crypto,tokens,linked,pumpanddump,,,,,,,,,,,,,,
couple,whose,toronto,home,sold,without,knowledge,says,systems,failed,protect,,,,,,,,
granderson,course,authorities,alerted,spending,sprees,gun,stores,,,,,,,,,,,
seon,acquires,aml,specialist,complytron,,,,,,,,,,,,,,
elon,musk,says,spacex,shares,would've,funded,plan,take,tesla,private,,,,,,,,
innovation,banks,businesses,fight,fraud,chargebacks,regulation,fail,,,,,,,,,,,
tesla,chair,testifies,would,quit,musk,lied,,,,,,,,,,,,
elon,musk,saudi,'asscovering',things,tesla,boss,said,defend,'funding,secured',trial,,,,,,,
machine,learning,solving,fraud,detection,finance,,,,,,,,,,,,,
adani,reportedly,abandons,plans,million,coal,plant,buyout,,conglomerate,still,reels,stockmarket,rout,sparked,hindenburg,,,
cruel,‘scam,mum,dad’,sparks,regulatory,crackdown,,,,,,,,,,,,
using,chatgpt,defraud,amazon,customers,,,,,,,,,,,,,,
reasons,capital,one,savorone,student,credit,card,perfect,card,spring,break,,,,,,,,
capital,one,platinum,secured,credit,card,review,,,,,,,,,,,,
fastevolving,prilex,pos,malware,block,contactless,payments,,,,,,,,,,,,
apple,shares,security,steps,take,‘right,away’,protect,apple,card,,,,,,,,,
capital,one,quicksilver,secured,card,review,,,,,,,,,,,,,
due,diligence,top,mind,wall,street,wake,blowups,frank,ftx,here's,means,state,,,,,,
we're,one,step,closer,era,open,banking,here's,everything,need,know,,,,,,,,
twisted,tale,celebrity,promotion,,opaque,transactions,allegations,racist,tropes,,,,,,,,,
adani,group,market,cap,losses,reach,billion,share,sale,cancellation,flagship,company,,,,,,,
advantages,disadvantages,using,payoneer,freelancer,,,,,,,,,,,,,,
us,bank,secured,visa,credit,card,review,,,,,,,,,,,,
best,mobile,payment,apps,small,businesses,,,,,,,,,,,,,
new,protections,food,benefits,stolen,skimmers,,,,,,,,,,,,,
digital,payments,benefits,,use,business,look,provider,,,,,,,,,,,
google,pay,vs,samsung,pay,vs,meta,pay,vs,amazon,pay,vs,apple,pay,,,,,
bin,attack,credit,card,understanding,type,credit,card,fraud,,,,,,,,,,
robinhood,cleared,buy,ftx,founder,sam,bankmanfried’s,stock,,sending,shares,higher,,,,,,,
real,world,courts,come,digital,crypto,hackers,podcast,,,,,,,,,,,
ach,payment,everything,else,need,know,,,,,,,,,,,,,
adani,enterprises,cancels,billion,share,sale,amid,fraud,accusations,,,,,,,,,,
george,santos’s,many,legal,problems,know,,,,,,,,,,,,,
devon,claire,beds,autocharged,text,message,scam,,,,,,,,,,,,
amazon,fraud,detectorafd,launched,afdlists,optimize,fraud,prevention,strategies,,,,,,,,,,
california,toys,digital,vehicle,titles,private,dmv,blockchain,,,,,,,,,,,
using,venmo,business,need,know,,,,,,,,,,,,,,
wtf,cookie,stuffing,,,,,,,,,,,,,,,,
justices,narrow,bankruptcy,relief,debts,incurred,fraud,,,,,,,,,,,,
wtf,cookie,stuffing,,,,,,,,,,,,,,,,
adani,group,rd,richest,man,pulling,largest,con,corporate,history,,,,,,,,,
world’s,rd,richest,man,pulling,largest,con,corporate,history,,,,,,,,,,
us,bank,cash,secured,credit,card,review,,,,,,,,,,,,
us,bank,altitude,go,secured,credit,card,review,,,,,,,,,,,
absurdity,income,tax,,,,,,,,,,,,,,,,
easy,stock,market,villain,,,,,,,,,,,,,,,
amazon,fraud,detector,introduces,cold,start,model,training,customers,limited,historical,data,,,,,,,
elon,musk,says,easy,get,investment,support,'extremely,good',track,record,,,,,,,,
philippines',pldt,said,weigh,data,center,stake,sale,spending,overrun,,sources,say,,,,,,
week,credit,card,news,new,kind,fraud,emerges;,inflation,causing,scaled,spring,break,,,,,,
mastercard,network,international,unveil,ai,fraud,prevention,tech,,,,,,,,,,,
vesta,taps,shimon,steinmetz,chief,financial,officer,,,,,,,,,,,,
strikingly,review,,,,,,,,,,,,,,,,,
law,require,legalese,,,,,,,,,,,,,,,,
captive,manager,arsenal,insurance,files,bankruptcy,protection,allegations,fraud,former,owner,,,,,,,,
struggling,billionaire,gautam,adani,scores,crucial,victory,,,,,,,,,,,,
victims,fake,crypto,investor,scam,speak,register,,,,,,,,,,,,
prilex,pos,malware,blocks,nfc,transactions,steal,credit,card,data,,,,,,,,,
prilex,modification,targeting,contactless,credit,card,transactions,,,,,,,,,,,,
norway,finds,way,recover,crypto,north,korea,pinched,axie,heist,,,,,,,,,
automated,watchlist,monitoring,continued,compliance,,,,,,,,,,,,,,
former,developer,ubiquiti,confessed,stealing,data,,trying,extort,networking,company,,,,,,,,
know,'standins',used,organized,crime,sell,homes,without,owner's,knowledge,,,,,,,,,
nonsalesy,annuity,guide,buying,annuities,,,,,,,,,,,,,,
digital,currency,vs,cryptocurrency,what's,difference,,,,,,,,,,,,,
streaming,intelligence,next,business,frontier,data,,,,,,,,,,,,,
remitly,global,rely,q,earnings,call,transcript,,,,,,,,,,,,
sportitude,cuts,fraud,costs,,,,,,,,,,,,,,,
payment,companies,reassure,wary,customer,base,,,,,,,,,,,,,
elon,musk,justifies,'funding,secured',tweet,bizarre,real,estate,analogy,,,,,,,,,
eta,announces,top,payments,isvs,award,winners,,,,,,,,,,,,
musk,tells,tweet,fraud,jury,trouble,raising,money,,,,,,,,,,,
history,says,sp,could,soar,perfect,stocks,buy,rebound,,,,,,,,,,
sandbar,raises,combat,financial,crime,institutionalgrade,transaction,monitoring,software,,,,,,,,,,
new,things,learned,sbf’s,alleged,crimes,,,,,,,,,,,,,
executives,brave,browser,,microsoft,ethlas,join,advisory,board,advance,web,security,,,,,,,
south,africa’s,christo,wiese,sued,way,back,billionaire,ranks,,,,,,,,,,
removing,phantoms,technology,'gentle',persuasion,,,,,,,,,,,,,,
make,credit,cards,less,vulnerable,fraud,,,,,,,,,,,,,
transaction,monitoring,market,likely,rise,usd,billion,globally,size,,share,,trends,,demand,,growth,competitors,analysis
jerusalem’s,freightos,go,public,million,spac,merger,,,,,,,,,,,,
illegal,'money,mule,',whether,know,,,,,,,,,,,,,
adani,scraps,b,share,sale,fraud,claims,hit,stock,,,,,,,,,,
eight,common,loan,scams,–,don’t,fall,,,,,,,,,,,,
onespan,notary,accelerates,digital,transformation,notarization,,,,,,,,,,,,,
broke,bank,account,aigenerated,voice,,,,,,,,,,,,,,
adani,stocks,add,gains,,regain,rs,cr,mcap,,,,,,,,,,
canada,,complex,fraud,schemes,targeting,homeowners,,,,,,,,,,,,
crypto,securities,new,interpretation,us,howey,test,gaining,ground,,,,,,,,,,
perk,labs,receives,notice,allowance,us,patent,application,antifraud,technology,,,,,,,,,
new,prilex,pos,malware,evolves,target,nfcenabled,credit,cards,,,,,,,,,,
td,first,horizon,extend,outside,date,proposed,transaction,may,,,,,,,,,,
‘be,careful,filling,gas,y’all’,customer,discovers,card,skimmer,shell,gas,station,pump,,,,,,
cybersecurity,roundup,february,,,,,,,,,,,,,,,,
cryptocurrency,transform,future,business,,,,,,,,,,,,,,,
consumer,optimism,remains,strong,despite,economic,headwinds,,per,holiday,spending,report,aci,worldwide,,,,,
best,banks,international,travelers,,,,,,,,,,,,,,,
banks,take,another,bite,apple,ews,wallet,,,,,,,,,,,,
adani,group,abandons,share,offer,escalating,crisis,triggered,fraud,claims,routs,wealth,,,,,,,
fednow,service,expect,first,version,,,,,,,,,,,,,,
quarter,crypto,tokens,linked,pumpanddump,,,,,,,,,,,,,,
couple,whose,toronto,home,sold,without,knowledge,says,systems,failed,protect,,,,,,,,
granderson,course,authorities,alerted,spending,sprees,gun,stores,,,,,,,,,,,
seon,acquires,aml,specialist,complytron,,,,,,,,,,,,,,
elon,musk,says,spacex,shares,would've,funded,plan,take,tesla,private,,,,,,,,
innovation,banks,businesses,fight,fraud,chargebacks,regulation,fail,,,,,,,,,,,
tesla,chair,testifies,would,quit,musk,lied,,,,,,,,,,,,
elon,musk,saudi,'asscovering',things,tesla,boss,said,defend,'funding,secured',trial,,,,,,,
machine,learning,solving,fraud,detection,finance,,,,,,,,,,,,,
adani,reportedly,abandons,plans,million,coal,plant,buyout,,conglomerate,still,reels,stockmarket,rout,sparked,hindenburg,,,
cruel,‘scam,mum,dad’,sparks,regulatory,crackdown,,,,,,,,,,,,
using,chatgpt,defraud,amazon,customers,,,,,,,,,,,,,,
reasons,capital,one,savorone,student,credit,card,perfect,card,spring,break,,,,,,,,
capital,one,platinum,secured,credit,card,review,,,,,,,,,,,,
fastevolving,prilex,pos,malware,block,contactless,payments,,,,,,,,,,,,
apple,shares,security,steps,take,‘right,away’,protect,apple,card,,,,,,,,,
capital,one,quicksilver,secured,card,review,,,,,,,,,,,,,
due,diligence,top,mind,wall,street,wake,blowups,frank,ftx,here's,means,state,,,,,,
we're,one,step,closer,era,open,banking,here's,everything,need,know,,,,,,,,
twisted,tale,celebrity,promotion,,opaque,transactions,allegations,racist,tropes,,,,,,,,,
adani,group,market,cap,losses,reach,billion,share,sale,cancellation,flagship,company,,,,,,,
advantages,disadvantages,using,payoneer,freelancer,,,,,,,,,,,,,,
us,bank,secured,visa,credit,card,review,,,,,,,,,,,,
best,mobile,payment,apps,small,businesses,,,,,,,,,,,,,
new,protections,food,benefits,stolen,skimmers,,,,,,,,,,,,,
digital,payments,benefits,,use,business,look,provider,,,,,,,,,,,
google,pay,vs,samsung,pay,vs,meta,pay,vs,amazon,pay,vs,apple,pay,,,,,
bin,attack,credit,card,understanding,type,credit,card,fraud,,,,,,,,,,
robinhood,cleared,buy,ftx,founder,sam,bankmanfried’s,stock,,sending,shares,higher,,,,,,,
real,world,courts,come,digital,crypto,hackers,podcast,,,,,,,,,,,
ach,payment,everything,else,need,know,,,,,,,,,,,,,
adani,enterprises,cancels,billion,share,sale,amid,fraud,accusations,,,,,,,,,,
george,santos’s,many,legal,problems,know,,,,,,,,,,,,,
devon,claire,beds,autocharged,text,message,scam,,,,,,,,,,,,
amazon,fraud,detectorafd,launched,afdlists,optimize,fraud,prevention,strategies,,,,,,,,,,
california,toys,digital,vehicle,titles,private,dmv,blockchain,,,,,,,,,,,
using,venmo,business,need,know,,,,,,,,,,,,,,
wtf,cookie,stuffing,,,,,,,,,,,,,,,,
justices,narrow,bankruptcy,relief,debts,incurred,fraud,,,,,,,,,,,,
wtf,cookie,stuffing,,,,,,,,,,,,,,,,
adani,group,rd,richest,man,pulling,largest,con,corporate,history,,,,,,,,,
world’s,rd,richest,man,pulling,largest,con,corporate,history,,,,,,,,,,
us,bank,cash,secured,credit,card,review,,,,,,,,,,,,
us,bank,altitude,go,secured,credit,card,review,,,,,,,,,,,
absurdity,income,tax,,,,,,,,,,,,,,,,
easy,stock,market,villain,,,,,,,,,,,,,,,
amazon,fraud,detector,introduces,cold,start,model,training,customers,limited,historical,data,,,,,,,
elon,musk,says,easy,get,investment,support,'extremely,good',track,record,,,,,,,,
philippines',pldt,said,weigh,data,center,stake,sale,spending,overrun,,sources,say,,,,,,
week,credit,card,news,new,kind,fraud,emerges;,inflation,causing,scaled,spring,break,,,,,,
mastercard,network,international,unveil,ai,fraud,prevention,tech,,,,,,,,,,,
vesta,taps,shimon,steinmetz,chief,financial,officer,,,,,,,,,,,,
strikingly,review,,,,,,,,,,,,,,,,,
law,require,legalese,,,,,,,,,,,,,,,,
captive,manager,arsenal,insurance,files,bankruptcy,protection,allegations,fraud,former,owner,,,,,,,,
struggling,billionaire,gautam,adani,scores,crucial,victory,,,,,,,,,,,,
victims,fake,crypto,investor,scam,speak,register,,,,,,,,,,,,
prilex,pos,malware,blocks,nfc,transactions,steal,credit,card,data,,,,,,,,,
prilex,modification,targeting,contactless,credit,card,transactions,,,,,,,,,,,,
norway,finds,way,recover,crypto,north,korea,pinched,axie,heist,,,,,,,,,
automated,watchlist,monitoring,continued,compliance,,,,,,,,,,,,,,
former,developer,ubiquiti,confessed,stealing,data,,trying,extort,networking,company,,,,,,,,
know,'standins',used,organized,crime,sell,homes,without,owner's,knowledge,,,,,,,,,
nonsalesy,annuity,guide,buying,annuities,,,,,,,,,,,,,,
digital,currency,vs,cryptocurrency,what's,difference,,,,,,,,,,,,,
streaming,intelligence,next,business,frontier,data,,,,,,,,,,,,,
remitly,global,rely,q,earnings,call,transcript,,,,,,,,,,,,
sportitude,cuts,fraud,costs,,,,,,,,,,,,,,,
payment,companies,reassure,wary,customer,base,,,,,,,,,,,,,
elon,musk,justifies,'funding,secured',tweet,bizarre,real,estate,analogy,,,,,,,,,
eta,announces,top,payments,isvs,award,winners,,,,,,,,,,,,
musk,tells,tweet,fraud,jury,trouble,raising,money,,,,,,,,,,,
history,says,sp,could,soar,perfect,stocks,buy,rebound,,,,,,,,,,
sandbar,raises,combat,financial,crime,institutionalgrade,transaction,monitoring,software,,,,,,,,,,
new,things,learned,sbf’s,alleged,crimes,,,,,,,,,,,,,
executives,brave,browser,,microsoft,ethlas,join,advisory,board,advance,web,security,,,,,,,
south,africa’s,christo,wiese,sued,way,back,billionaire,ranks,,,,,,,,,,
removing,phantoms,technology,'gentle',persuasion,,,,,,,,,,,,,,
make,credit,cards,less,vulnerable,fraud,,,,,,,,,,,,,
transaction,monitoring,market,likely,rise,usd,billion,globally,size,,share,,trends,,demand,,growth,competitors,analysis
jerusalem’s,freightos,go,public,million,spac,merger,,,,,,,,,,,,
illegal,'money,mule,',whether,know,,,,,,,,,,,,,
adani,scraps,b,share,sale,fraud,claims,hit,stock,,,,,,,,,,
eight,common,loan,scams,–,don’t,fall,,,,,,,,,,,,
onespan,notary,accelerates,digital,transformation,notarization,,,,,,,,,,,,,
broke,bank,account,aigenerated,voice,,,,,,,,,,,,,,
adani,stocks,add,gains,,regain,rs,cr,mcap,,,,,,,,,,
canada,,complex,fraud,schemes,targeting,homeowners,,,,,,,,,,,,
crypto,securities,new,interpretation,us,howey,test,gaining,ground,,,,,,,,,,
perk,labs,receives,notice,allowance,us,patent,application,antifraud,technology,,,,,,,,,
new,prilex,pos,malware,evolves,target,nfcenabled,credit,cards,,,,,,,,,,
td,first,horizon,extend,outside,date,proposed,transaction,may,,,,,,,,,,
‘be,careful,filling,gas,y’all’,customer,discovers,card,skimmer,shell,gas,station,pump,,,,,,
cybersecurity,roundup,february,,,,,,,,,,,,,,,,
cryptocurrency,transform,future,business,,,,,,,,,,,,,,,
consumer,optimism,remains,strong,despite,economic,headwinds,,per,holiday,spending,report,aci,worldwide,,,,,
best,banks,international,travelers,,,,,,,,,,,,,,,
banks,take,another,bite,apple,ews,wallet,,,,,,,,,,,,
adani,group,abandons,share,offer,escalating,crisis,triggered,fraud,claims,routs,wealth,,,,,,,
fednow,service,expect,first,version,,,,,,,,,,,,,,
quarter,crypto,tokens,linked,pumpanddump,,,,,,,,,,,,,,
couple,whose,toronto,home,sold,without,knowledge,says,systems,failed,protect,,,,,,,,
granderson,course,authorities,alerted,spending,sprees,gun,stores,,,,,,,,,,,
seon,acquires,aml,specialist,complytron,,,,,,,,,,,,,,
elon,musk,says,spacex,shares,would've,funded,plan,take,tesla,private,,,,,,,,
innovation,banks,businesses,fight,fraud,chargebacks,regulation,fail,,,,,,,,,,,
tesla,chair,testifies,would,quit,musk,lied,,,,,,,,,,,,
elon,musk,saudi,'asscovering',things,tesla,boss,said,defend,'funding,secured',trial,,,,,,,
machine,learning,solving,fraud,detection,finance,,,,,,,,,,,,,
adani,reportedly,abandons,plans,million,coal,plant,buyout,,conglomerate,still,reels,stockmarket,rout,sparked,hindenburg,,,
cruel,‘scam,mum,dad’,sparks,regulatory,crackdown,,,,,,,,,,,,
using,chatgpt,defraud,amazon,customers,,,,,,,,,,,,,,
reasons,capital,one,savorone,student,credit,card,perfect,card,spring,break,,,,,,,,
capital,one,platinum,secured,credit,card,review,,,,,,,,,,,,
fastevolving,prilex,pos,malware,block,contactless,payments,,,,,,,,,,,,
apple,shares,security,steps,take,‘right,away’,protect,apple,card,,,,,,,,,
capital,one,quicksilver,secured,card,review,,,,,,,,,,,,,
due,diligence,top,mind,wall,street,wake,blowups,frank,ftx,here's,means,state,,,,,,
we're,one,step,closer,era,open,banking,here's,everything,need,know,,,,,,,,
twisted,tale,celebrity,promotion,,opaque,transactions,allegations,racist,tropes,,,,,,,,,
adani,group,market,cap,losses,reach,billion,share,sale,cancellation,flagship,company,,,,,,,
advantages,disadvantages,using,payoneer,freelancer,,,,,,,,,,,,,,
us,bank,secured,visa,credit,card,review,,,,,,,,,,,,
best,mobile,payment,apps,small,businesses,,,,,,,,,,,,,
new,protections,food,benefits,stolen,skimmers,,,,,,,,,,,,,
digital,payments,benefits,,use,business,look,provider,,,,,,,,,,,
google,pay,vs,samsung,pay,vs,meta,pay,vs,amazon,pay,vs,apple,pay,,,,,
bin,attack,credit,card,understanding,type,credit,card,fraud,,,,,,,,,,
robinhood,cleared,buy,ftx,founder,sam,bankmanfried’s,stock,,sending,shares,higher,,,,,,,
real,world,courts,come,digital,crypto,hackers,podcast,,,,,,,,,,,
ach,payment,everything,else,need,know,,,,,,,,,,,,,
adani,enterprises,cancels,billion,share,sale,amid,fraud,accusations,,,,,,,,,,
george,santos’s,many,legal,problems,know,,,,,,,,,,,,,
devon,claire,beds,autocharged,text,message,scam,,,,,,,,,,,,
amazon,fraud,detectorafd,launched,afdlists,optimize,fraud,prevention,strategies,,,,,,,,,,
california,toys,digital,vehicle,titles,private,dmv,blockchain,,,,,,,,,,,
using,venmo,business,need,know,,,,,,,,,,,,,,
wtf,cookie,stuffing,,,,,,,,,,,,,,,,
justices,narrow,bankruptcy,relief,debts,incurred,fraud,,,,,,,,,,,,
wtf,cookie,stuffing,,,,,,,,,,,,,,,,
adani,group,rd,richest,man,pulling,largest,con,corporate,history,,,,,,,,,
world’s,rd,richest,man,pulling,largest,con,corporate,history,,,,,,,,,,
us,bank,cash,secured,credit,card,review,,,,,,,,,,,,
us,bank,altitude,go,secured,credit,card,review,,,,,,,,,,,
absurdity,income,tax,,,,,,,,,,,,,,,,
easy,stock,market,villain,,,,,,,,,,,,,,,
amazon,fraud,detector,introduces,cold,start,model,training,customers,limited,historical,data,,,,,,,
elon,musk,says,easy,get,investment,support,'extremely,good',track,record,,,,,,,,
philippines',pldt,said,weigh,data,center,stake,sale,spending,overrun,,sources,say,,,,,,
week,credit,card,news,new,kind,fraud,emerges;,inflation,causing,scaled,spring,break,,,,,,
mastercard,network,international,unveil,ai,fraud,prevention,tech,,,,,,,,,,,
vesta,taps,shimon,steinmetz,chief,financial,officer,,,,,,,,,,,,
strikingly,review,,,,,,,,,,,,,,,,,
law,require,legalese,,,,,,,,,,,,,,,,
captive,manager,arsenal,insurance,files,bankruptcy,protection,allegations,fraud,former,owner,,,,,,,,
struggling,billionaire,gautam,adani,scores,crucial,victory,,,,,,,,,,,,
victims,fake,crypto,investor,scam,speak,register,,,,,,,,,,,,
prilex,pos,malware,blocks,nfc,transactions,steal,credit,card,data,,,,,,,,,
prilex,modification,targeting,contactless,credit,card,transactions,,,,,,,,,,,,
norway,finds,way,recover,crypto,north,korea,pinched,axie,heist,,,,,,,,,
automated,watchlist,monitoring,continued,compliance,,,,,,,,,,,,,,
former,developer,ubiquiti,confessed,stealing,data,,trying,extort,networking,company,,,,,,,,
know,'standins',used,organized,crime,sell,homes,without,owner's,knowledge,,,,,,,,,
nonsalesy,annuity,guide,buying,annuities,,,,,,,,,,,,,,
digital,currency,vs,cryptocurrency,what's,difference,,,,,,,,,,,,,
streaming,intelligence,next,business,frontier,data,,,,,,,,,,,,,
remitly,global,rely,q,earnings,call,transcript,,,,,,,,,,,,
sportitude,cuts,fraud,costs,,,,,,,,,,,,,,,
payment,companies,reassure,wary,customer,base,,,,,,,,,,,,,
elon,musk,justifies,'funding,secured',tweet,bizarre,real,estate,analogy,,,,,,,,,
eta,announces,top,payments,isvs,award,winners,,,,,,,,,,,,
musk,tells,tweet,fraud,jury,trouble,raising,money,,,,,,,,,,,
history,says,sp,could,soar,perfect,stocks,buy,rebound,,,,,,,,,,
sandbar,raises,combat,financial,crime,institutionalgrade,transaction,monitoring,software,,,,,,,,,,
new,things,learned,sbf’s,alleged,crimes,,,,,,,,,,,,,
executives,brave,browser,,microsoft,ethlas,join,advisory,board,advance,web,security,,,,,,,
south,africa’s,christo,wiese,sued,way,back,billionaire,ranks,,,,,,,,,,
removing,phantoms,technology,'gentle',persuasion,,,,,,,,,,,,,,
make,credit,cards,less,vulnerable,fraud,,,,,,,,,,,,,
transaction,monitoring,market,likely,rise,usd,billion,globally,size,,share,,trends,,demand,,growth,competitors,analysis
jerusalem’s,freightos,go,public,million,spac,merger,,,,,,,,,,,,
illegal,'money,mule,',whether,know,,,,,,,,,,,,,
adani,scraps,b,share,sale,fraud,claims,hit,stock,,,,,,,,,,
eight,common,loan,scams,–,don’t,fall,,,,,,,,,,,,
onespan,notary,accelerates,digital,transformation,notarization,,,,,,,,,,,,,
broke,bank,account,aigenerated,voice,,,,,,,,,,,,,,
adani,stocks,add,gains,,regain,rs,cr,mcap,,,,,,,,,,
canada,,complex,fraud,schemes,targeting,homeowners,,,,,,,,,,,,
crypto,securities,new,interpretation,us,howey,test,gaining,ground,,,,,,,,,,
perk,labs,receives,notice,allowance,us,patent,application,antifraud,technology,,,,,,,,,
new,prilex,pos,malware,evolves,target,nfcenabled,credit,cards,,,,,,,,,,
td,first,horizon,extend,outside,date,proposed,transaction,may,,,,,,,,,,
‘be,careful,filling,gas,y’all’,customer,discovers,card,skimmer,shell,gas,station,pump,,,,,,
cybersecurity,roundup,february,,,,,,,,,,,,,,,,
cryptocurrency,transform,future,business,,,,,,,,,,,,,,,
consumer,optimism,remains,strong,despite,economic,headwinds,,per,holiday,spending,report,aci,worldwide,,,,,
best,banks,international,travelers,,,,,,,,,,,,,,,
banks,take,another,bite,apple,ews,wallet,,,,,,,,,,,,
adani,group,abandons,share,offer,escalating,crisis,triggered,fraud,claims,routs,wealth,,,,,,,
fednow,service,expect,first,version,,,,,,,,,,,,,,
quarter,crypto,tokens,linked,pumpanddump,,,,,,,,,,,,,,
couple,whose,toronto,home,sold,without,knowledge,says,systems,failed,protect,,,,,,,,
granderson,course,authorities,alerted,spending,sprees,gun,stores,,,,,,,,,,,
seon,acquires,aml,specialist,complytron,,,,,,,,,,,,,,
elon,musk,says,spacex,shares,would've,funded,plan,take,tesla,private,,,,,,,,
innovation,banks,businesses,fight,fraud,chargebacks,regulation,fail,,,,,,,,,,,
tesla,chair,testifies,would,quit,musk,lied,,,,,,,,,,,,
elon,musk,saudi,'asscovering',things,tesla,boss,said,defend,'funding,secured',trial,,,,,,,
machine,learning,solving,fraud,detection,finance,,,,,,,,,,,,,
adani,reportedly,abandons,plans,million,coal,plant,buyout,,conglomerate,still,reels,stockmarket,rout,sparked,hindenburg,,,
cruel,‘scam,mum,dad’,sparks,regulatory,crackdown,,,,,,,,,,,,
using,chatgpt,defraud,amazon,customers,,,,,,,,,,,,,,
reasons,capital,one,savorone,student,credit,card,perfect,card,spring,break,,,,,,,,
capital,one,platinum,secured,credit,card,review,,,,,,,,,,,,
fastevolving,prilex,pos,malware,block,contactless,payments,,,,,,,,,,,,
apple,shares,security,steps,take,‘right,away’,protect,apple,card,,,,,,,,,
capital,one,quicksilver,secured,card,review,,,,,,,,,,,,,
due,diligence,top,mind,wall,street,wake,blowups,frank,ftx,here's,means,state,,,,,,
we're,one,step,closer,era,open,banking,here's,everything,need,know,,,,,,,,
twisted,tale,celebrity,promotion,,opaque,transactions,allegations,racist,tropes,,,,,,,,,
adani,group,market,cap,losses,reach,billion,share,sale,cancellation,flagship,company,,,,,,,
advantages,disadvantages,using,payoneer,freelancer,,,,,,,,,,,,,,
us,bank,secured,visa,credit,card,review,,,,,,,,,,,,
best,mobile,payment,apps,small,businesses,,,,,,,,,,,,,
new,protections,food,benefits,stolen,skimmers,,,,,,,,,,,,,
digital,payments,benefits,,use,business,look,provider,,,,,,,,,,,
google,pay,vs,samsung,pay,vs,meta,pay,vs,amazon,pay,vs,apple,pay,,,,,
bin,attack,credit,card,understanding,type,credit,card,fraud,,,,,,,,,,
robinhood,cleared,buy,ftx,founder,sam,bankmanfried’s,stock,,sending,shares,higher,,,,,,,
real,world,courts,come,digital,crypto,hackers,podcast,,,,,,,,,,,
ach,payment,everything,else,need,know,,,,,,,,,,,,,
adani,enterprises,cancels,billion,share,sale,amid,fraud,accusations,,,,,,,,,,
george,santos’s,many,legal,problems,know,,,,,,,,,,,,,
devon,claire,beds,autocharged,text,message,scam,,,,,,,,,,,,
amazon,fraud,detectorafd,launched,afdlists,optimize,fraud,prevention,strategies,,,,,,,,,,
california,toys,digital,vehicle,titles,private,dmv,blockchain,,,,,,,,,,,
using,venmo,business,need,know,,,,,,,,,,,,,,
wtf,cookie,stuffing,,,,,,,,,,,,,,,,
justices,narrow,bankruptcy,relief,debts,incurred,fraud,,,,,,,,,,,,
wtf,cookie,stuffing,,,,,,,,,,,,,,,,
adani,group,rd,richest,man,pulling,largest,con,corporate,history,,,,,,,,,
world’s,rd,richest,man,pulling,largest,con,corporate,history,,,,,,,,,,
us,bank,cash,secured,credit,card,review,,,,,,,,,,,,
us,bank,altitude,go,secured,credit,card,review,,,,,,,,,,,
absurdity,income,tax,,,,,,,,,,,,,,,,
easy,stock,market,villain,,,,,,,,,,,,,,,
amazon,fraud,detector,introduces,cold,start,model,training,customers,limited,historical,data,,,,,,,
elon,musk,says,easy,get,investment,support,'extremely,good',track,record,,,,,,,,
philippines',pldt,said,weigh,data,center,stake,sale,spending,overrun,,sources,say,,,,,,
week,credit,card,news,new,kind,fraud,emerges;,inflation,causing,scaled,spring,break,,,,,,
mastercard,network,international,unveil,ai,fraud,prevention,tech,,,,,,,,,,,
vesta,taps,shimon,steinmetz,chief,financial,officer,,,,,,,,,,,,
strikingly,review,,,,,,,,,,,,,,,,,
law,require,legalese,,,,,,,,,,,,,,,,
captive,manager,arsenal,insurance,files,bankruptcy,protection,allegations,fraud,former,owner,,,,,,,,
struggling,billionaire,gautam,adani,scores,crucial,victory,,,,,,,,,,,,
victims,fake,crypto,investor,scam,speak,register,,,,,,,,,,,,
prilex,pos,malware,blocks,nfc,transactions,steal,credit,card,data,,,,,,,,,
prilex,modification,targeting,contactless,credit,card,transactions,,,,,,,,,,,,
norway,finds,way,recover,crypto,north,korea,pinched,axie,heist,,,,,,,,,
automated,watchlist,monitoring,continued,compliance,,,,,,,,,,,,,,
former,developer,ubiquiti,confessed,stealing,data,,trying,extort,networking,company,,,,,,,,
know,'standins',used,organized,crime,sell,homes,without,owner's,knowledge,,,,,,,,,
nonsalesy,annuity,guide,buying,annuities,,,,,,,,,,,,,,
digital,currency,vs,cryptocurrency,what's,difference,,,,,,,,,,,,,
streaming,intelligence,next,business,frontier,data,,,,,,,,,,,,,
remitly,global,rely,q,earnings,call,transcript,,,,,,,,,,,,
sportitude,cuts,fraud,costs,,,,,,,,,,,,,,,
payment,companies,reassure,wary,customer,base,,,,,,,,,,,,,
elon,musk,justifies,'funding,secured',tweet,bizarre,real,estate,analogy,,,,,,,,,
eta,announces,top,payments,isvs,award,winners,,,,,,,,,,,,
musk,tells,tweet,fraud,jury,trouble,raising,money,,,,,,,,,,,
history,says,sp,could,soar,perfect,stocks,buy,rebound,,,,,,,,,,
sandbar,raises,combat,financial,crime,institutionalgrade,transaction,monitoring,software,,,,,,,,,,
new,things,learned,sbf’s,alleged,crimes,,,,,,,,,,,,,
executives,brave,browser,,microsoft,ethlas,join,advisory,board,advance,web,security,,,,,,,
south,africa’s,christo,wiese,sued,way,back,billionaire,ranks,,,,,,,,,,
removing,phantoms,technology,'gentle',persuasion,,,,,,,,,,,,,,
make,credit,cards,less,vulnerable,fraud,,,,,,,,,,,,,
transaction,monitoring,market,likely,rise,usd,billion,globally,size,,share,,trends,,demand,,growth,competitors,analysis
jerusalem’s,freightos,go,public,million,spac,merger,,,,,,,,,,,,
illegal,'money,mule,',whether,know,,,,,,,,,,,,,
adani,scraps,b,share,sale,fraud,claims,hit,stock,,,,,,,,,,
eight,common,loan,scams,–,don’t,fall,,,,,,,,,,,,
onespan,notary,accelerates,digital,transformation,notarization,,,,,,,,,,,,,
broke,bank,account,aigenerated,voice,,,,,,,,,,,,,,
adani,stocks,add,gains,,regain,rs,cr,mcap,,,,,,,,,,
canada,,complex,fraud,schemes,targeting,homeowners,,,,,,,,,,,,
crypto,securities,new,interpretation,us,howey,test,gaining,ground,,,,,,,,,,
perk,labs,receives,notice,allowance,us,patent,application,antifraud,technology,,,,,,,,,
new,prilex,pos,malware,evolves,target,nfcenabled,credit,cards,,,,,,,,,,
td,first,horizon,extend,outside,date,proposed,transaction,may,,,,,,,,,,
‘be,careful,filling,gas,y’all’,customer,discovers,card,skimmer,shell,gas,station,pump,,,,,,
cybersecurity,roundup,february,,,,,,,,,,,,,,,,
cryptocurrency,transform,future,business,,,,,,,,,,,,,,,
consumer,optimism,remains,strong,despite,economic,headwinds,,per,holiday,spending,report,aci,worldwide,,,,,
best,banks,international,travelers,,,,,,,,,,,,,,,
banks,take,another,bite,apple,ews,wallet,,,,,,,,,,,,
adani,group,abandons,share,offer,escalating,crisis,triggered,fraud,claims,routs,wealth,,,,,,,
fednow,service,expect,first,version,,,,,,,,,,,,,,
quarter,crypto,tokens,linked,pumpanddump,,,,,,,,,,,,,,
couple,whose,toronto,home,sold,without,knowledge,says,systems,failed,protect,,,,,,,,
granderson,course,authorities,alerted,spending,sprees,gun,stores,,,,,,,,,,,
seon,acquires,aml,specialist,complytron,,,,,,,,,,,,,,
elon,musk,says,spacex,shares,would've,funded,plan,take,tesla,private,,,,,,,,
innovation,banks,businesses,fight,fraud,chargebacks,regulation,fail,,,,,,,,,,,
tesla,chair,testifies,would,quit,musk,lied,,,,,,,,,,,,
elon,musk,saudi,'asscovering',things,tesla,boss,said,defend,'funding,secured',trial,,,,,,,
machine,learning,solving,fraud,detection,finance,,,,,,,,,,,,,
adani,reportedly,abandons,plans,million,coal,plant,buyout,,conglomerate,still,reels,stockmarket,rout,sparked,hindenburg,,,
cruel,‘scam,mum,dad’,sparks,regulatory,crackdown,,,,,,,,,,,,
using,chatgpt,defraud,amazon,customers,,,,,,,,,,,,,,
reasons,capital,one,savorone,student,credit,card,perfect,card,spring,break,,,,,,,,
capital,one,platinum,secured,credit,card,review,,,,,,,,,,,,
fastevolving,prilex,pos,malware,block,contactless,payments,,,,,,,,,,,,
apple,shares,security,steps,take,‘right,away’,protect,apple,card,,,,,,,,,
capital,one,quicksilver,secured,card,review,,,,,,,,,,,,,
due,diligence,top,mind,wall,street,wake,blowups,frank,ftx,here's,means,state,,,,,,
we're,one,step,closer,era,open,banking,here's,everything,need,know,,,,,,,,
twisted,tale,celebrity,promotion,,opaque,transactions,allegations,racist,tropes,,,,,,,,,
adani,group,market,cap,losses,reach,billion,share,sale,cancellation,flagship,company,,,,,,,
advantages,disadvantages,using,payoneer,freelancer,,,,,,,,,,,,,,
us,bank,secured,visa,credit,card,review,,,,,,,,,,,,
best,mobile,payment,apps,small,businesses,,,,,,,,,,,,,
new,protections,food,benefits,stolen,skimmers,,,,,,,,,,,,,
digital,payments,benefits,,use,business,look,provider,,,,,,,,,,,
google,pay,vs,samsung,pay,vs,meta,pay,vs,amazon,pay,vs,apple,pay,,,,,
bin,attack,credit,card,understanding,type,credit,card,fraud,,,,,,,,,,
robinhood,cleared,buy,ftx,founder,sam,bankmanfried’s,stock,,sending,shares,higher,,,,,,,
real,world,courts,come,digital,crypto,hackers,podcast,,,,,,,,,,,
ach,payment,everything,else,need,know,,,,,,,,,,,,,
adani,enterprises,cancels,billion,share,sale,amid,fraud,accusations,,,,,,,,,,
george,santos’s,many,legal,problems,know,,,,,,,,,,,,,
devon,claire,beds,autocharged,text,message,scam,,,,,,,,,,,,
amazon,fraud,detectorafd,launched,afdlists,optimize,fraud,prevention,strategies,,,,,,,,,,
california,toys,digital,vehicle,titles,private,dmv,blockchain,,,,,,,,,,,
using,venmo,business,need,know,,,,,,,,,,,,,,
wtf,cookie,stuffing,,,,,,,,,,,,,,,,
justices,narrow,bankruptcy,relief,debts,incurred,fraud,,,,,,,,,,,,
wtf,cookie,stuffing,,,,,,,,,,,,,,,,
adani,group,rd,richest,man,pulling,largest,con,corporate,history,,,,,,,,,
world’s,rd,richest,man,pulling,largest,con,corporate,history,,,,,,,,,,
us,bank,cash,secured,credit,card,review,,,,,,,,,,,,
us,bank,altitude,go,secured,credit,card,review,,,,,,,,,,,
absurdity,income,tax,,,,,,,,,,,,,,,,
easy,stock,market,villain,,,,,,,,,,,,,,,
amazon,fraud,detector,introduces,cold,start,model,training,customers,limited,historical,data,,,,,,,
elon,musk,says,easy,get,investment,support,'extremely,good',track,record,,,,,,,,
philippines',pldt,said,weigh,data,center,stake,sale,spending,overrun,,sources,say,,,,,,
week,credit,card,news,new,kind,fraud,emerges;,inflation,causing,scaled,spring,break,,,,,,
mastercard,network,international,unveil,ai,fraud,prevention,tech,,,,,,,,,,,
vesta,taps,shimon,steinmetz,chief,financial,officer,,,,,,,,,,,,
strikingly,review,,,,,,,,,,,,,,,,,
law,require,legalese,,,,,,,,,,,,,,,,
captive,manager,arsenal,insurance,files,bankruptcy,protection,allegations,fraud,former,owner,,,,,,,,
struggling,billionaire,gautam,adani,scores,crucial,victory,,,,,,,,,,,,
victims,fake,crypto,investor,scam,speak,register,,,,,,,,,,,,
prilex,pos,malware,blocks,nfc,transactions,steal,credit,card,data,,,,,,,,,
prilex,modification,targeting,contactless,credit,card,transactions,,,,,,,,,,,,
norway,finds,way,recover,crypto,north,korea,pinched,axie,heist,,,,,,,,,
automated,watchlist,monitoring,continued,compliance,,,,,,,,,,,,,,
former,developer,ubiquiti,confessed,stealing,data,,trying,extort,networking,company,,,,,,,,
know,'standins',used,organized,crime,sell,homes,without,owner's,knowledge,,,,,,,,,
nonsalesy,annuity,guide,buying,annuities,,,,,,,,,,,,,,
digital,currency,vs,cryptocurrency,what's,difference,,,,,,,,,,,,,
streaming,intelligence,next,business,frontier,data,,,,,,,,,,,,,
remitly,global,rely,q,earnings,call,transcript,,,,,,,,,,,,
sportitude,cuts,fraud,costs,,,,,,,,,,,,,,,
payment,companies,reassure,wary,customer,base,,,,,,,,,,,,,
elon,musk,justifies,'funding,secured',tweet,bizarre,real,estate,analogy,,,,,,,,,
eta,announces,top,payments,isvs,award,winners,,,,,,,,,,,,
musk,tells,tweet,fraud,jury,trouble,raising,money,,,,,,,,,,,
history,says,sp,could,soar,perfect,stocks,buy,rebound,,,,,,,,,,
sandbar,raises,combat,financial,crime,institutionalgrade,transaction,monitoring,software,,,,,,,,,,
new,things,learned,sbf’s,alleged,crimes,,,,,,,,,,,,,
executives,brave,browser,,microsoft,ethlas,join,advisory,board,advance,web,security,,,,,,,
south,africa’s,christo,wiese,sued,way,back,billionaire,ranks,,,,,,,,,,
removing,phantoms,technology,'gentle',persuasion,,,,,,,,,,,,,,
make,credit,cards,less,vulnerable,fraud,,,,,,,,,,,,,
transaction,monitoring,market,likely,rise,usd,billion,globally,size,,share,,trends,,demand,,growth,competitors,analysis
jerusalem’s,freightos,go,public,million,spac,merger,,,,,,,,,,,,
illegal,'money,mule,',whether,know,,,,,,,,,,,,,
adani,scraps,b,share,sale,fraud,claims,hit,stock,,,,,,,,,,
eight,common,loan,scams,–,don’t,fall,,,,,,,,,,,,
onespan,notary,accelerates,digital,transformation,notarization,,,,,,,,,,,,,
broke,bank,account,aigenerated,voice,,,,,,,,,,,,,,
adani,stocks,add,gains,,regain,rs,cr,mcap,,,,,,,,,,
canada,,complex,fraud,schemes,targeting,homeowners,,,,,,,,,,,,
crypto,securities,new,interpretation,us,howey,test,gaining,ground,,,,,,,,,,
perk,labs,receives,notice,allowance,us,patent,application,antifraud,technology,,,,,,,,,
new,prilex,pos,malware,evolves,target,nfcenabled,credit,cards,,,,,,,,,,
td,first,horizon,extend,outside,date,proposed,transaction,may,,,,,,,,,,
‘be,careful,filling,gas,y’all’,customer,discovers,card,skimmer,shell,gas,station,pump,,,,,,
cybersecurity,roundup,february,,,,,,,,,,,,,,,,
cryptocurrency,transform,future,business,,,,,,,,,,,,,,,
consumer,optimism,remains,strong,despite,economic,headwinds,,per,holiday,spending,report,aci,worldwide,,,,,
best,banks,international,travelers,,,,,,,,,,,,,,,
banks,take,another,bite,apple,ews,wallet,,,,,,,,,,,,
adani,group,abandons,share,offer,escalating,crisis,triggered,fraud,claims,routs,wealth,,,,,,,
fednow,service,expect,first,version,,,,,,,,,,,,,,
quarter,crypto,tokens,linked,pumpanddump,,,,,,,,,,,,,,
couple,whose,toronto,home,sold,without,knowledge,says,systems,failed,protect,,,,,,,,
granderson,course,authorities,alerted,spending,sprees,gun,stores,,,,,,,,,,,
seon,acquires,aml,specialist,complytron,,,,,,,,,,,,,,
elon,musk,says,spacex,shares,would've,funded,plan,take,tesla,private,,,,,,,,
innovation,banks,businesses,fight,fraud,chargebacks,regulation,fail,,,,,,,,,,,
tesla,chair,testifies,would,quit,musk,lied,,,,,,,,,,,,
elon,musk,saudi,'asscovering',things,tesla,boss,said,defend,'funding,secured',trial,,,,,,,
machine,learning,solving,fraud,detection,finance,,,,,,,,,,,,,
adani,reportedly,abandons,plans,million,coal,plant,buyout,,conglomerate,still,reels,stockmarket,rout,sparked,hindenburg,,,
cruel,‘scam,mum,dad’,sparks,regulatory,crackdown,,,,,,,,,,,,
using,chatgpt,defraud,amazon,customers,,,,,,,,,,,,,,
reasons,capital,one,savorone,student,credit,card,perfect,card,spring,break,,,,,,,,
capital,one,platinum,secured,credit,card,review,,,,,,,,,,,,
fastevolving,prilex,pos,malware,block,contactless,payments,,,,,,,,,,,,
apple,shares,security,steps,take,‘right,away’,protect,apple,card,,,,,,,,,
capital,one,quicksilver,secured,card,review,,,,,,,,,,,,,
due,diligence,top,mind,wall,street,wake,blowups,frank,ftx,here's,means,state,,,,,,
we're,one,step,closer,era,open,banking,here's,everything,need,know,,,,,,,,
twisted,tale,celebrity,promotion,,opaque,transactions,allegations,racist,tropes,,,,,,,,,
adani,group,market,cap,losses,reach,billion,share,sale,cancellation,flagship,company,,,,,,,
advantages,disadvantages,using,payoneer,freelancer,,,,,,,,,,,,,,
us,bank,secured,visa,credit,card,review,,,,,,,,,,,,
best,mobile,payment,apps,small,businesses,,,,,,,,,,,,,
new,protections,food,benefits,stolen,skimmers,,,,,,,,,,,,,
digital,payments,benefits,,use,business,look,provider,,,,,,,,,,,
google,pay,vs,samsung,pay,vs,meta,pay,vs,amazon,pay,vs,apple,pay,,,,,
bin,attack,credit,card,understanding,type,credit,card,fraud,,,,,,,,,,
robinhood,cleared,buy,ftx,founder,sam,bankmanfried’s,stock,,sending,shares,higher,,,,,,,
real,world,courts,come,digital,crypto,hackers,podcast,,,,,,,,,,,
ach,payment,everything,else,need,know,,,,,,,,,,,,,
adani,enterprises,cancels,billion,share,sale,amid,fraud,accusations,,,,,,,,,,
george,santos’s,many,legal,problems,know,,,,,,,,,,,,,
devon,claire,beds,autocharged,text,message,scam,,,,,,,,,,,,
amazon,fraud,detectorafd,launched,afdlists,optimize,fraud,prevention,strategies,,,,,,,,,,
california,toys,digital,vehicle,titles,private,dmv,blockchain,,,,,,,,,,,
using,venmo,business,need,know,,,,,,,,,,,,,,
wtf,cookie,stuffing,,,,,,,,,,,,,,,,
justices,narrow,bankruptcy,relief,debts,incurred,fraud,,,,,,,,,,,,
wtf,cookie,stuffing,,,,,,,,,,,,,,,,
adani,group,rd,richest,man,pulling,largest,con,corporate,history,,,,,,,,,
world’s,rd,richest,man,pulling,largest,con,corporate,history,,,,,,,,,,
us,bank,cash,secured,credit,card,review,,,,,,,,,,,,
us,bank,altitude,go,secured,credit,card,review,,,,,,,,,,,
absurdity,income,tax,,,,,,,,,,,,,,,,
easy,stock,market,villain,,,,,,,,,,,,,,,
amazon,fraud,detector,introduces,cold,start,model,training,customers,limited,historical,data,,,,,,,
elon,musk,says,easy,get,investment,support,'extremely,good',track,record,,,,,,,,
philippines',pldt,said,weigh,data,center,stake,sale,spending,overrun,,sources,say,,,,,,
week,credit,card,news,new,kind,fraud,emerges;,inflation,causing,scaled,spring,break,,,,,,
mastercard,network,international,unveil,ai,fraud,prevention,tech,,,,,,,,,,,
vesta,taps,shimon,steinmetz,chief,financial,officer,,,,,,,,,,,,
strikingly,review,,,,,,,,,,,,,,,,,
law,require,legalese,,,,,,,,,,,,,,,,
captive,manager,arsenal,insurance,files,bankruptcy,protection,allegations,fraud,former,owner,,,,,,,,
struggling,billionaire,gautam,adani,scores,crucial,victory,,,,,,,,,,,,
victims,fake,crypto,investor,scam,speak,register,,,,,,,,,,,,
prilex,pos,malware,blocks,nfc,transactions,steal,credit,card,data,,,,,,,,,
prilex,modification,targeting,contactless,credit,card,transactions,,,,,,,,,,,,
norway,finds,way,recover,crypto,north,korea,pinched,axie,heist,,,,,,,,,
automated,watchlist,monitoring,continued,compliance,,,,,,,,,,,,,,
former,developer,ubiquiti,confessed,stealing,data,,trying,extort,networking,company,,,,,,,,
know,'standins',used,organized,crime,sell,homes,without,owner's,knowledge,,,,,,,,,
nonsalesy,annuity,guide,buying,annuities,,,,,,,,,,,,,,
digital,currency,vs,cryptocurrency,what's,difference,,,,,,,,,,,,,
streaming,intelligence,next,business,frontier,data,,,,,,,,,,,,,
remitly,global,rely,q,earnings,call,transcript,,,,,,,,,,,,
sportitude,cuts,fraud,costs,,,,,,,,,,,,,,,
payment,companies,reassure,wary,customer,base,,,,,,,,,,,,,
elon,musk,justifies,'funding,secured',tweet,bizarre,real,estate,analogy,,,,,,,,,
eta,announces,top,payments,isvs,award,winners,,,,,,,,,,,,
musk,tells,tweet,fraud,jury,trouble,raising,money,,,,,,,,,,,
history,says,sp,could,soar,perfect,stocks,buy,rebound,,,,,,,,,,
sandbar,raises,combat,financial,crime,institutionalgrade,transaction,monitoring,software,,,,,,,,,,
new,things,learned,sbf’s,alleged,crimes,,,,,,,,,,,,,
executives,brave,browser,,microsoft,ethlas,join,advisory,board,advance,web,security,,,,,,,
south,africa’s,christo,wiese,sued,way,back,billionaire,ranks,,,,,,,,,,
removing,phantoms,technology,'gentle',persuasion,,,,,,,,,,,,,,
make,credit,cards,less,vulnerable,fraud,,,,,,,,,,,,,
transaction,monitoring,market,likely,rise,usd,billion,globally,size,,share,,trends,,demand,,growth,competitors,analysis
jerusalem’s,freightos,go,public,million,spac,merger,,,,,,,,,,,,
illegal,'money,mule,',whether,know,,,,,,,,,,,,,
adani,scraps,b,share,sale,fraud,claims,hit,stock,,,,,,,,,,
eight,common,loan,scams,–,don’t,fall,,,,,,,,,,,,
onespan,notary,accelerates,digital,transformation,notarization,,,,,,,,,,,,,
broke,bank,account,aigenerated,voice,,,,,,,,,,,,,,
adani,stocks,add,gains,,regain,rs,cr,mcap,,,,,,,,,,
canada,,complex,fraud,schemes,targeting,homeowners,,,,,,,,,,,,
crypto,securities,new,interpretation,us,howey,test,gaining,ground,,,,,,,,,,
perk,labs,receives,notice,allowance,us,patent,application,antifraud,technology,,,,,,,,,
new,prilex,pos,malware,evolves,target,nfcenabled,credit,cards,,,,,,,,,,
td,first,horizon,extend,outside,date,proposed,transaction,may,,,,,,,,,,
‘be,careful,filling,gas,y’all’,customer,discovers,card,skimmer,shell,gas,station,pump,,,,,,
cybersecurity,roundup,february,,,,,,,,,,,,,,,,
cryptocurrency,transform,future,business,,,,,,,,,,,,,,,
consumer,optimism,remains,strong,despite,economic,headwinds,,per,holiday,spending,report,aci,worldwide,,,,,
best,banks,international,travelers,,,,,,,,,,,,,,,
banks,take,another,bite,apple,ews,wallet,,,,,,,,,,,,
adani,group,abandons,share,offer,escalating,crisis,triggered,fraud,claims,routs,wealth,,,,,,,
fednow,service,expect,first,version,,,,,,,,,,,,,,
quarter,crypto,tokens,linked,pumpanddump,,,,,,,,,,,,,,
couple,whose,toronto,home,sold,without,knowledge,says,systems,failed,protect,,,,,,,,
granderson,course,authorities,alerted,spending,sprees,gun,stores,,,,,,,,,,,
seon,acquires,aml,specialist,complytron,,,,,,,,,,,,,,
elon,musk,says,spacex,shares,would've,funded,plan,take,tesla,private,,,,,,,,
innovation,banks,businesses,fight,fraud,chargebacks,regulation,fail,,,,,,,,,,,
tesla,chair,testifies,would,quit,musk,lied,,,,,,,,,,,,
elon,musk,saudi,'asscovering',things,tesla,boss,said,defend,'funding,secured',trial,,,,,,,
machine,learning,solving,fraud,detection,finance,,,,,,,,,,,,,
adani,reportedly,abandons,plans,million,coal,plant,buyout,,conglomerate,still,reels,stockmarket,rout,sparked,hindenburg,,,
cruel,‘scam,mum,dad’,sparks,regulatory,crackdown,,,,,,,,,,,,
using,chatgpt,defraud,amazon,customers,,,,,,,,,,,,,,
reasons,capital,one,savorone,student,credit,card,perfect,card,spring,break,,,,,,,,
capital,one,platinum,secured,credit,card,review,,,,,,,,,,,,
fastevolving,prilex,pos,malware,block,contactless,payments,,,,,,,,,,,,
apple,shares,security,steps,take,‘right,away’,protect,apple,card,,,,,,,,,
capital,one,quicksilver,secured,card,review,,,,,,,,,,,,,
due,diligence,top,mind,wall,street,wake,blowups,frank,ftx,here's,means,state,,,,,,
we're,one,step,closer,era,open,banking,here's,everything,need,know,,,,,,,,
twisted,tale,celebrity,promotion,,opaque,transactions,allegations,racist,tropes,,,,,,,,,
adani,group,market,cap,losses,reach,billion,share,sale,cancellation,flagship,company,,,,,,,
advantages,disadvantages,using,payoneer,freelancer,,,,,,,,,,,,,,
us,bank,secured,visa,credit,card,review,,,,,,,,,,,,
best,mobile,payment,apps,small,businesses,,,,,,,,,,,,,
new,protections,food,benefits,stolen,skimmers,,,,,,,,,,,,,
digital,payments,benefits,,use,business,look,provider,,,,,,,,,,,
google,pay,vs,samsung,pay,vs,meta,pay,vs,amazon,pay,vs,apple,pay,,,,,
bin,attack,credit,card,understanding,type,credit,card,fraud,,,,,,,,,,
robinhood,cleared,buy,ftx,founder,sam,bankmanfried’s,stock,,sending,shares,higher,,,,,,,
real,world,courts,come,digital,crypto,hackers,podcast,,,,,,,,,,,
ach,payment,everything,else,need,know,,,,,,,,,,,,,
adani,enterprises,cancels,billion,share,sale,amid,fraud,accusations,,,,,,,,,,
george,santos’s,many,legal,problems,know,,,,,,,,,,,,,
devon,claire,beds,autocharged,text,message,scam,,,,,,,,,,,,
amazon,fraud,detectorafd,launched,afdlists,optimize,fraud,prevention,strategies,,,,,,,,,,
california,toys,digital,vehicle,titles,private,dmv,blockchain,,,,,,,,,,,
using,venmo,business,need,know,,,,,,,,,,,,,,
wtf,cookie,stuffing,,,,,,,,,,,,,,,,
justices,narrow,bankruptcy,relief,debts,incurred,fraud,,,,,,,,,,,,
wtf,cookie,stuffing,,,,,,,,,,,,,,,,
adani,group,rd,richest,man,pulling,largest,con,corporate,history,,,,,,,,,
world’s,rd,richest,man,pulling,largest,con,corporate,history,,,,,,,,,,
us,bank,cash,secured,credit,card,review,,,,,,,,,,,,
us,bank,altitude,go,secured,credit,card,review,,,,,,,,,,,
absurdity,income,tax,,,,,,,,,,,,,,,,
easy,stock,market,villain,,,,,,,,,,,,,,,
amazon,fraud,detector,introduces,cold,start,model,training,customers,limited,historical,data,,,,,,,
elon,musk,says,easy,get,investment,support,'extremely,good',track,record,,,,,,,,
philippines',pldt,said,weigh,data,center,stake,sale,spending,overrun,,sources,say,,,,,,
week,credit,card,news,new,kind,fraud,emerges;,inflation,causing,scaled,spring,break,,,,,,
mastercard,network,international,unveil,ai,fraud,prevention,tech,,,,,,,,,,,
vesta,taps,shimon,steinmetz,chief,financial,officer,,,,,,,,,,,,
strikingly,review,,,,,,,,,,,,,,,,,
law,require,legalese,,,,,,,,,,,,,,,,
captive,manager,arsenal,insurance,files,bankruptcy,protection,allegations,fraud,former,owner,,,,,,,,
struggling,billionaire,gautam,adani,scores,crucial,victory,,,,,,,,,,,,
victims,fake,crypto,investor,scam,speak,register,,,,,,,,,,,,
prilex,pos,malware,blocks,nfc,transactions,steal,credit,card,data,,,,,,,,,
prilex,modification,targeting,contactless,credit,card,transactions,,,,,,,,,,,,
norway,finds,way,recover,crypto,north,korea,pinched,axie,heist,,,,,,,,,
automated,watchlist,monitoring,continued,compliance,,,,,,,,,,,,,,
former,developer,ubiquiti,confessed,stealing,data,,trying,extort,networking,company,,,,,,,,
know,'standins',used,organized,crime,sell,homes,without,owner's,knowledge,,,,,,,,,
nonsalesy,annuity,guide,buying,annuities,,,,,,,,,,,,,,
digital,currency,vs,cryptocurrency,what's,difference,,,,,,,,,,,,,
streaming,intelligence,next,business,frontier,data,,,,,,,,,,,,,
remitly,global,rely,q,earnings,call,transcript,,,,,,,,,,,,
sportitude,cuts,fraud,costs,,,,,,,,,,,,,,,
payment,companies,reassure,wary,customer,base,,,,,,,,,,,,,
elon,musk,justifies,'funding,secured',tweet,bizarre,real,estate,analogy,,,,,,,,,
eta,announces,top,payments,isvs,award,winners,,,,,,,,,,,,
musk,tells,tweet,fraud,jury,trouble,raising,money,,,,,,,,,,,
history,says,sp,could,soar,perfect,stocks,buy,rebound,,,,,,,,,,
sandbar,raises,combat,financial,crime,institutionalgrade,transaction,monitoring,software,,,,,,,,,,
new,things,learned,sbf’s,alleged,crimes,,,,,,,,,,,,,
executives,brave,browser,,microsoft,ethlas,join,advisory,board,advance,web,security,,,,,,,
south,africa’s,christo,wiese,sued,way,back,billionaire,ranks,,,,,,,,,,
removing,phantoms,technology,'gentle',persuasion,,,,,,,,,,,,,,
make,credit,cards,less,vulnerable,fraud,,,,,,,,,,,,,
transaction,monitoring,market,likely,rise,usd,billion,globally,size,,share,,trends,,demand,,growth,competitors,analysis
jerusalem’s,freightos,go,public,million,spac,merger,,,,,,,,,,,,
illegal,'money,mule,',whether,know,,,,,,,,,,,,,
adani,scraps,b,share,sale,fraud,claims,hit,stock,,,,,,,,,,
eight,common,loan,scams,–,don’t,fall,,,,,,,,,,,,
onespan,notary,accelerates,digital,transformation,notarization,,,,,,,,,,,,,
broke,bank,account,aigenerated,voice,,,,,,,,,,,,,,
adani,stocks,add,gains,,regain,rs,cr,mcap,,,,,,,,,,
canada,,complex,fraud,schemes,targeting,homeowners,,,,,,,,,,,,
crypto,securities,new,interpretation,us,howey,test,gaining,ground,,,,,,,,,,
perk,labs,receives,notice,allowance,us,patent,application,antifraud,technology,,,,,,,,,
new,prilex,pos,malware,evolves,target,nfcenabled,credit,cards,,,,,,,,,,
td,first,horizon,extend,outside,date,proposed,transaction,may,,,,,,,,,,
‘be,careful,filling,gas,y’all’,customer,discovers,card,skimmer,shell,gas,station,pump,,,,,,
cybersecurity,roundup,february,,,,,,,,,,,,,,,,
cryptocurrency,transform,future,business,,,,,,,,,,,,,,,
consumer,optimism,remains,strong,despite,economic,headwinds,,per,holiday,spending,report,aci,worldwide,,,,,
best,banks,international,travelers,,,,,,,,,,,,,,,
banks,take,another,bite,apple,ews,wallet,,,,,,,,,,,,
adani,group,abandons,share,offer,escalating,crisis,triggered,fraud,claims,routs,wealth,,,,,,,
fednow,service,expect,first,version,,,,,,,,,,,,,,
quarter,crypto,tokens,linked,pumpanddump,,,,,,,,,,,,,,
couple,whose,toronto,home,sold,without,knowledge,says,systems,failed,protect,,,,,,,,
granderson,course,authorities,alerted,spending,sprees,gun,stores,,,,,,,,,,,
seon,acquires,aml,specialist,complytron,,,,,,,,,,,,,,
elon,musk,says,spacex,shares,would've,funded,plan,take,tesla,private,,,,,,,,
innovation,banks,businesses,fight,fraud,chargebacks,regulation,fail,,,,,,,,,,,
tesla,chair,testifies,would,quit,musk,lied,,,,,,,,,,,,
elon,musk,saudi,'asscovering',things,tesla,boss,said,defend,'funding,secured',trial,,,,,,,
machine,learning,solving,fraud,detection,finance,,,,,,,,,,,,,
adani,reportedly,abandons,plans,million,coal,plant,buyout,,conglomerate,still,reels,stockmarket,rout,sparked,hindenburg,,,
cruel,‘scam,mum,dad’,sparks,regulatory,crackdown,,,,,,,,,,,,
using,chatgpt,defraud,amazon,customers,,,,,,,,,,,,,,
reasons,capital,one,savorone,student,credit,card,perfect,card,spring,break,,,,,,,,
capital,one,platinum,secured,credit,card,review,,,,,,,,,,,,
fastevolving,prilex,pos,malware,block,contactless,payments,,,,,,,,,,,,
apple,shares,security,steps,take,‘right,away’,protect,apple,card,,,,,,,,,
capital,one,quicksilver,secured,card,review,,,,,,,,,,,,,
due,diligence,top,mind,wall,street,wake,blowups,frank,ftx,here's,means,state,,,,,,
we're,one,step,closer,era,open,banking,here's,everything,need,know,,,,,,,,
twisted,tale,celebrity,promotion,,opaque,transactions,allegations,racist,tropes,,,,,,,,,
adani,group,market,cap,losses,reach,billion,share,sale,cancellation,flagship,company,,,,,,,
advantages,disadvantages,using,payoneer,freelancer,,,,,,,,,,,,,,
us,bank,secured,visa,credit,card,review,,,,,,,,,,,,
best,mobile,payment,apps,small,businesses,,,,,,,,,,,,,
new,protections,food,benefits,stolen,skimmers,,,,,,,,,,,,,
digital,payments,benefits,,use,business,look,provider,,,,,,,,,,,
google,pay,vs,samsung,pay,vs,meta,pay,vs,amazon,pay,vs,apple,pay,,,,,
bin,attack,credit,card,understanding,type,credit,card,fraud,,,,,,,,,,
robinhood,cleared,buy,ftx,founder,sam,bankmanfried’s,stock,,sending,shares,higher,,,,,,,
real,world,courts,come,digital,crypto,hackers,podcast,,,,,,,,,,,
ach,payment,everything,else,need,know,,,,,,,,,,,,,
adani,enterprises,cancels,billion,share,sale,amid,fraud,accusations,,,,,,,,,,
george,santos’s,many,legal,problems,know,,,,,,,,,,,,,
devon,claire,beds,autocharged,text,message,scam,,,,,,,,,,,,
amazon,fraud,detectorafd,launched,afdlists,optimize,fraud,prevention,strategies,,,,,,,,,,
california,toys,digital,vehicle,titles,private,dmv,blockchain,,,,,,,,,,,
using,venmo,business,need,know,,,,,,,,,,,,,,
wtf,cookie,stuffing,,,,,,,,,,,,,,,,
justices,narrow,bankruptcy,relief,debts,incurred,fraud,,,,,,,,,,,,
wtf,cookie,stuffing,,,,,,,,,,,,,,,,
adani,group,rd,richest,man,pulling,largest,con,corporate,history,,,,,,,,,
world’s,rd,richest,man,pulling,largest,con,corporate,history,,,,,,,,,,
us,bank,cash,secured,credit,card,review,,,,,,,,,,,,
us,bank,altitude,go,secured,credit,card,review,,,,,,,,,,,
absurdity,income,tax,,,,,,,,,,,,,,,,
easy,stock,market,villain,,,,,,,,,,,,,,,
amazon,fraud,detector,introduces,cold,start,model,training,customers,limited,historical,data,,,,,,,
elon,musk,says,easy,get,investment,support,'extremely,good',track,record,,,,,,,,
philippines',pldt,said,weigh,data,center,stake,sale,spending,overrun,,sources,say,,,,,,
week,credit,card,news,new,kind,fraud,emerges;,inflation,causing,scaled,spring,break,,,,,,
mastercard,network,international,unveil,ai,fraud,prevention,tech,,,,,,,,,,,
vesta,taps,shimon,steinmetz,chief,financial,officer,,,,,,,,,,,,
strikingly,review,,,,,,,,,,,,,,,,,
law,require,legalese,,,,,,,,,,,,,,,,
captive,manager,arsenal,insurance,files,bankruptcy,protection,allegations,fraud,former,owner,,,,,,,,
struggling,billionaire,gautam,adani,scores,crucial,victory,,,,,,,,,,,,
victims,fake,crypto,investor,scam,speak,register,,,,,,,,,,,,
prilex,pos,malware,blocks,nfc,transactions,steal,credit,card,data,,,,,,,,,
prilex,modification,targeting,contactless,credit,card,transactions,,,,,,,,,,,,
norway,finds,way,recover,crypto,north,korea,pinched,axie,heist,,,,,,,,,
automated,watchlist,monitoring,continued,compliance,,,,,,,,,,,,,,
former,developer,ubiquiti,confessed,stealing,data,,trying,extort,networking,company,,,,,,,,
know,'standins',used,organized,crime,sell,homes,without,owner's,knowledge,,,,,,,,,
nonsalesy,annuity,guide,buying,annuities,,,,,,,,,,,,,,
digital,currency,vs,cryptocurrency,what's,difference,,,,,,,,,,,,,
streaming,intelligence,next,business,frontier,data,,,,,,,,,,,,,
remitly,global,rely,q,earnings,call,transcript,,,,,,,,,,,,
sportitude,cuts,fraud,costs,,,,,,,,,,,,,,,
payment,companies,reassure,wary,customer,base,,,,,,,,,,,,,
elon,musk,justifies,'funding,secured',tweet,bizarre,real,estate,analogy,,,,,,,,,
eta,announces,top,payments,isvs,award,winners,,,,,,,,,,,,
musk,tells,tweet,fraud,jury,trouble,raising,money,,,,,,,,,,,
history,says,sp,could,soar,perfect,stocks,buy,rebound,,,,,,,,,,
sandbar,raises,combat,financial,crime,institutionalgrade,transaction,monitoring,software,,,,,,,,,,
new,things,learned,sbf’s,alleged,crimes,,,,,,,,,,,,,
executives,brave,browser,,microsoft,ethlas,join,advisory,board,advance,web,security,,,,,,,
south,africa’s,christo,wiese,sued,way,back,billionaire,ranks,,,,,,,,,,
removing,phantoms,technology,'gentle',persuasion,,,,,,,,,,,,,,
make,credit,cards,less,vulnerable,fraud,,,,,,,,,,,,,
transaction,monitoring,market,likely,rise,usd,billion,globally,size,,share,,trends,,demand,,growth,competitors,analysis
jerusalem’s,freightos,go,public,million,spac,merger,,,,,,,,,,,,
illegal,'money,mule,',whether,know,,,,,,,,,,,,,
adani,scraps,b,share,sale,fraud,claims,hit,stock,,,,,,,,,,
eight,common,loan,scams,–,don’t,fall,,,,,,,,,,,,
onespan,notary,accelerates,digital,transformation,notarization,,,,,,,,,,,,,
broke,bank,account,aigenerated,voice,,,,,,,,,,,,,,
adani,stocks,add,gains,,regain,rs,cr,mcap,,,,,,,,,,
canada,,complex,fraud,schemes,targeting,homeowners,,,,,,,,,,,,
crypto,securities,new,interpretation,us,howey,test,gaining,ground,,,,,,,,,,
perk,labs,receives,notice,allowance,us,patent,application,antifraud,technology,,,,,,,,,
new,prilex,pos,malware,evolves,target,nfcenabled,credit,cards,,,,,,,,,,
td,first,horizon,extend,outside,date,proposed,transaction,may,,,,,,,,,,
‘be,careful,filling,gas,y’all’,customer,discovers,card,skimmer,shell,gas,station,pump,,,,,,
cybersecurity,roundup,february,,,,,,,,,,,,,,,,
cryptocurrency,transform,future,business,,,,,,,,,,,,,,,
consumer,optimism,remains,strong,despite,economic,headwinds,,per,holiday,spending,report,aci,worldwide,,,,,
best,banks,international,travelers,,,,,,,,,,,,,,,
banks,take,another,bite,apple,ews,wallet,,,,,,,,,,,,
adani,group,abandons,share,offer,escalating,crisis,triggered,fraud,claims,routs,wealth,,,,,,,
fednow,service,expect,first,version,,,,,,,,,,,,,,
quarter,crypto,tokens,linked,pumpanddump,,,,,,,,,,,,,,
couple,whose,toronto,home,sold,without,knowledge,says,systems,failed,protect,,,,,,,,
granderson,course,authorities,alerted,spending,sprees,gun,stores,,,,,,,,,,,
seon,acquires,aml,specialist,complytron,,,,,,,,,,,,,,
elon,musk,says,spacex,shares,would've,funded,plan,take,tesla,private,,,,,,,,
innovation,banks,businesses,fight,fraud,chargebacks,regulation,fail,,,,,,,,,,,
tesla,chair,testifies,would,quit,musk,lied,,,,,,,,,,,,
elon,musk,saudi,'asscovering',things,tesla,boss,said,defend,'funding,secured',trial,,,,,,,
machine,learning,solving,fraud,detection,finance,,,,,,,,,,,,,
adani,reportedly,abandons,plans,million,coal,plant,buyout,,conglomerate,still,reels,stockmarket,rout,sparked,hindenburg,,,
cruel,‘scam,mum,dad’,sparks,regulatory,crackdown,,,,,,,,,,,,
using,chatgpt,defraud,amazon,customers,,,,,,,,,,,,,,
reasons,capital,one,savorone,student,credit,card,perfect,card,spring,break,,,,,,,,
capital,one,platinum,secured,credit,card,review,,,,,,,,,,,,
fastevolving,prilex,pos,malware,block,contactless,payments,,,,,,,,,,,,
apple,shares,security,steps,take,‘right,away’,protect,apple,card,,,,,,,,,
capital,one,quicksilver,secured,card,review,,,,,,,,,,,,,
due,diligence,top,mind,wall,street,wake,blowups,frank,ftx,here's,means,state,,,,,,
we're,one,step,closer,era,open,banking,here's,everything,need,know,,,,,,,,
twisted,tale,celebrity,promotion,,opaque,transactions,allegations,racist,tropes,,,,,,,,,
adani,group,market,cap,losses,reach,billion,share,sale,cancellation,flagship,company,,,,,,,
advantages,disadvantages,using,payoneer,freelancer,,,,,,,,,,,,,,
us,bank,secured,visa,credit,card,review,,,,,,,,,,,,
best,mobile,payment,apps,small,businesses,,,,,,,,,,,,,
new,protections,food,benefits,stolen,skimmers,,,,,,,,,,,,,
digital,payments,benefits,,use,business,look,provider,,,,,,,,,,,
google,pay,vs,samsung,pay,vs,meta,pay,vs,amazon,pay,vs,apple,pay,,,,,
bin,attack,credit,card,understanding,type,credit,card,fraud,,,,,,,,,,
robinhood,cleared,buy,ftx,founder,sam,bankmanfried’s,stock,,sending,shares,higher,,,,,,,
real,world,courts,come,digital,crypto,hackers,podcast,,,,,,,,,,,
ach,payment,everything,else,need,know,,,,,,,,,,,,,
adani,enterprises,cancels,billion,share,sale,amid,fraud,accusations,,,,,,,,,,
george,santos’s,many,legal,problems,know,,,,,,,,,,,,,
devon,claire,beds,autocharged,text,message,scam,,,,,,,,,,,,
amazon,fraud,detectorafd,launched,afdlists,optimize,fraud,prevention,strategies,,,,,,,,,,
california,toys,digital,vehicle,titles,private,dmv,blockchain,,,,,,,,,,,
using,venmo,business,need,know,,,,,,,,,,,,,,
wtf,cookie,stuffing,,,,,,,,,,,,,,,,
justices,narrow,bankruptcy,relief,debts,incurred,fraud,,,,,,,,,,,,
wtf,cookie,stuffing,,,,,,,,,,,,,,,,
adani,group,rd,richest,man,pulling,largest,con,corporate,history,,,,,,,,,
world’s,rd,richest,man,pulling,largest,con,corporate,history,,,,,,,,,,
us,bank,cash,secured,credit,card,review,,,,,,,,,,,,
us,bank,altitude,go,secured,credit,card,review,,,,,,,,,,,
absurdity,income,tax,,,,,,,,,,,,,,,,
easy,stock,market,villain,,,,,,,,,,,,,,,
amazon,fraud,detector,introduces,cold,start,model,training,customers,limited,historical,data,,,,,,,
elon,musk,says,easy,get,investment,support,'extremely,good',track,record,,,,,,,,
philippines',pldt,said,weigh,data,center,stake,sale,spending,overrun,,sources,say,,,,,,
week,credit,card,news,new,kind,fraud,emerges;,inflation,causing,scaled,spring,break,,,,,,
mastercard,network,international,unveil,ai,fraud,prevention,tech,,,,,,,,,,,
vesta,taps,shimon,steinmetz,chief,financial,officer,,,,,,,,,,,,
strikingly,review,,,,,,,,,,,,,,,,,
law,require,legalese,,,,,,,,,,,,,,,,
captive,manager,arsenal,insurance,files,bankruptcy,protection,allegations,fraud,former,owner,,,,,,,,
struggling,billionaire,gautam,adani,scores,crucial,victory,,,,,,,,,,,,
victims,fake,crypto,investor,scam,speak,register,,,,,,,,,,,,
prilex,pos,malware,blocks,nfc,transactions,steal,credit,card,data,,,,,,,,,
prilex,modification,targeting,contactless,credit,card,transactions,,,,,,,,,,,,
norway,finds,way,recover,crypto,north,korea,pinched,axie,heist,,,,,,,,,
automated,watchlist,monitoring,continued,compliance,,,,,,,,,,,,,,
former,developer,ubiquiti,confessed,stealing,data,,trying,extort,networking,company,,,,,,,,
know,'standins',used,organized,crime,sell,homes,without,owner's,knowledge,,,,,,,,,
nonsalesy,annuity,guide,buying,annuities,,,,,,,,,,,,,,
digital,currency,vs,cryptocurrency,what's,difference,,,,,,,,,,,,,
streaming,intelligence,next,business,frontier,data,,,,,,,,,,,,,
remitly,global,rely,q,earnings,call,transcript,,,,,,,,,,,,
sportitude,cuts,fraud,costs,,,,,,,,,,,,,,,
payment,companies,reassure,wary,customer,base,,,,,,,,,,,,,
elon,musk,justifies,'funding,secured',tweet,bizarre,real,estate,analogy,,,,,,,,,
eta,announces,top,payments,isvs,award,winners,,,,,,,,,,,,
musk,tells,tweet,fraud,jury,trouble,raising,money,,,,,,,,,,,
history,says,sp,could,soar,perfect,stocks,buy,rebound,,,,,,,,,,
sandbar,raises,combat,financial,crime,institutionalgrade,transaction,monitoring,software,,,,,,,,,,
new,things,learned,sbf’s,alleged,crimes,,,,,,,,,,,,,
executives,brave,browser,,microsoft,ethlas,join,advisory,board,advance,web,security,,,,,,,
south,africa’s,christo,wiese,sued,way,back,billionaire,ranks,,,,,,,,,,
removing,phantoms,technology,'gentle',persuasion,,,,,,,,,,,,,,
make,credit,cards,less,vulnerable,fraud,,,,,,,,,,,,,
transaction,monitoring,market,likely,rise,usd,billion,globally,size,,share,,trends,,demand,,growth,competitors,analysis
jerusalem’s,freightos,go,public,million,spac,merger,,,,,,,,,,,,
illegal,'money,mule,',whether,know,,,,,,,,,,,,,
adani,scraps,b,share,sale,fraud,claims,hit,stock,,,,,,,,,,
eight,common,loan,scams,–,don’t,fall,,,,,,,,,,,,
onespan,notary,accelerates,digital,transformation,notarization,,,,,,,,,,,,,
broke,bank,account,aigenerated,voice,,,,,,,,,,,,,,
adani,stocks,add,gains,,regain,rs,cr,mcap,,,,,,,,,,
canada,,complex,fraud,schemes,targeting,homeowners,,,,,,,,,,,,
crypto,securities,new,interpretation,us,howey,test,gaining,ground,,,,,,,,,,
perk,labs,receives,notice,allowance,us,patent,application,antifraud,technology,,,,,,,,,
new,prilex,pos,malware,evolves,target,nfcenabled,credit,cards,,,,,,,,,,
td,first,horizon,extend,outside,date,proposed,transaction,may,,,,,,,,,,
‘be,careful,filling,gas,y’all’,customer,discovers,card,skimmer,shell,gas,station,pump,,,,,,
cybersecurity,roundup,february,,,,,,,,,,,,,,,,
cryptocurrency,transform,future,business,,,,,,,,,,,,,,,
consumer,optimism,remains,strong,despite,economic,headwinds,,per,holiday,spending,report,aci,worldwide,,,,,
best,banks,international,travelers,,,,,,,,,,,,,,,
banks,take,another,bite,apple,ews,wallet,,,,,,,,,,,,
adani,group,abandons,share,offer,escalating,crisis,triggered,fraud,claims,routs,wealth,,,,,,,
fednow,service,expect,first,version,,,,,,,,,,,,,,
quarter,crypto,tokens,linked,pumpanddump,,,,,,,,,,,,,,
couple,whose,toronto,home,sold,without,knowledge,says,systems,failed,protect,,,,,,,,
granderson,course,authorities,alerted,spending,sprees,gun,stores,,,,,,,,,,,
seon,acquires,aml,specialist,complytron,,,,,,,,,,,,,,
